FP.5 ,TTC Lidar
Frame,
1,NA
2,12.9722
3,12.264
4,13.9161
5,14.8865
6,7.41552
7,12.4213
8,34.3404
9,9.34376
10,18.1318
11,18.0318
12,14.9877
13,10.1
14,9.22307
15,10.9678
16,8.09422
17,8.81392
18,10.2926
19,8.52001